hsv,frame
[0. 0. 0. ... 0. 0. 0.],489
[5.1805e+04 2.7000e+01 0.0000e+00 ... 0.0000e+00 0.0000e+00 0.0000e+00],1269
[1.4552e+04 1.4400e+02 4.0000e+00 ... 0.0000e+00 0.0000e+00 0.0000e+00],1677
[5146.  228.  104. ...    0.    0.    0.],1851
[17417.    43.    30. ...     0.     0.     0.],1967
[39667.  5430.   447. ...     0.     0.     0.],2134
[5018.  151.   91. ...    0.    0.    0.],2308
[1325. 1370.  161. ...    0.    0.    0.],2446
[1734.   10.    2. ...    0.    0.    0.],2561
[10605.  1430.    38. ...     0.     0.     0.],2678
[4211.  849.  224. ...    0.    0.    0.],2790
[3146.   82.   42. ...    0.    0.    0.],2869
"[1.70437e+05 1.00000e+01 1.40000e+01 ... 0.00000e+00 0.00000e+00
 0.00000e+00]",3499
[3.6864e+04 1.0530e+03 2.6000e+01 ... 0.0000e+00 0.0000e+00 0.0000e+00],4335
[10442.   733.   347. ...     0.     0.     0.],5015
[30523.   902.   301. ...     0.     0.     0.],5512
[19402.  1420.   386. ...     0.     0.     0.],5605
[5.264e+04 8.200e+01 1.800e+01 ... 0.000e+00 0.000e+00 0.000e+00],5680
[41973.   444.    67. ...     0.     0.     0.],5764
[6.5077e+04 2.3500e+02 1.0000e+01 ... 0.0000e+00 0.0000e+00 0.0000e+00],5875
[4.9681e+04 7.4700e+02 3.0000e+01 ... 0.0000e+00 0.0000e+00 0.0000e+00],6052
[40361.   167.    42. ...     0.     0.     0.],6238
[32355.   670.   461. ...     0.     0.     0.],6612
[42591.  2382.   212. ...     0.     0.     0.],7009
[20824.   820.   521. ...     0.     0.     0.],7158
[41486.  2938.   342. ...     0.     0.     0.],7236
[19256.   863.   425. ...     0.     0.     0.],7334
[31391.  1051.   832. ...     0.     0.     0.],7528
[24689.  4508.   365. ...     0.     0.     0.],7681
[5.4199e+04 1.6000e+02 1.0000e+01 ... 0.0000e+00 0.0000e+00 0.0000e+00],7719
[2.8885e+04 2.5800e+02 4.0000e+00 ... 0.0000e+00 0.0000e+00 0.0000e+00],7763
[31841.  1214.    76. ...     0.     0.     0.],7869
[19386.   581.   255. ...     0.     0.     0.],8025
[19070.  9158.  1555. ...     0.     0.     0.],8137
[2.796e+04 2.890e+02 2.500e+01 ... 0.000e+00 0.000e+00 0.000e+00],8245
[18352.   576.   283. ...     0.     0.     0.],8456
[1.6673e+04 3.0000e+00 0.0000e+00 ... 0.0000e+00 0.0000e+00 0.0000e+00],8645
[22944.  1621.  3175. ...     0.     0.     0.],8802
[17501.   159.    87. ...     0.     0.     0.],8997
[8446. 3694. 1537. ...    0.    0.    0.],9120
[11031.  5407.   452. ...     0.     0.     0.],9250
[41564.  6942.   130. ...     0.     0.     0.],9367
[34439.  1665.   248. ...     0.     0.     0.],9402
[29699. 16566.   380. ...     0.     0.     0.],9437
[51445.  1596.   212. ...     0.     0.     0.],9560
[27760. 17031.   402. ...     0.     0.     0.],9694
[62505.  5176.   612. ...     0.     0.     0.],9807
[881.  43.  89. ...   0.   0.   0.],10035
[19619.   154.    93. ...     0.     0.     0.],10245
[7065.  154.  122. ...    0.    0.    0.],10380
[688. 341. 193. ...   0.   0.   0.],10514
[17579.   120.   119. ...     0.     0.     0.],10607
[9707.  713.   64. ...    0.    0.    0.],10773
[1800.  504.  582. ...    0.    0.    0.],11254
[4.804e+03 7.700e+01 2.000e+00 ... 0.000e+00 0.000e+00 0.000e+00],11920
[3599.  139.   33. ...    0.    0.    0.],12343
[1482.  403.   36. ...    0.    0.    0.],12502
[4281.  371.   86. ...    0.    0.    0.],13219
[2111.  614. 1112. ...    0.    0.    0.],14539
[1154.  916.  772. ...    0.    0.    0.],15690
[2309.  627.  149. ...    0.    0.    0.],16278
[682. 629. 673. ...   0.   0.   0.],16438
[2314. 1015.  224. ...    0.    0.    0.],16632
[1038.  368.  167. ...    0.    0.    0.],16819
[4361. 1030.  112. ...    0.    0.    0.],16956
[3727. 1449.   74. ...    0.    0.    0.],17227
[5635. 1034.   98. ...    0.    0.    0.],17453
[2662.  502.   41. ...    0.    0.    0.],17567
[12779.   152.   107. ...     0.     0.     0.],17765
[98. 61. 50. ...  0.  0.  0.],17930
[7560. 1260.  253. ...    0.    0.    0.],18338
[43. 33. 63. ...  0.  0.  0.],18790
[6435.  213.  104. ...    0.    0.    0.],18950
[5224.   73.   17. ...    0.    0.    0.],19378
[0. 0. 0. ... 0. 0. 0.],19812
[410. 359. 172. ...   0.   0.   0.],20181
[10.  0.  0. ...  0.  0.  0.],20530
[ 62. 415. 160. ...   0.   0.   0.],20713
[218.   0.   4. ...   0.   0.   0.],20926
[467. 469. 282. ...   0.   0.   0.],21098
[4123.  257.  120. ...    0.    0.    0.],21271
[ 30. 248.  44. ...   0.   0.   0.],21393
[282. 392. 123. ...   0.   0.   0.],21484
[459. 501.  18. ...   0.   0.   0.],21584
[402. 458. 231. ...   0.   0.   0.],21681
[130. 224.  26. ...   0.   0.   0.],21763
[290. 449. 238. ...   0.   0.   0.],21827
[569. 121.  33. ...   0.   0.   0.],21904
[271. 618. 203. ...   0.   0.   0.],22016
[127.  82.  39. ...   0.   0.   0.],22125
[6720.   45.   13. ...    0.    0.    0.],22197
[479. 283.  46. ...   0.   0.   0.],22280
[1039.  327.  269. ...    0.    0.    0.],22543
[36.  0.  0. ...  0.  0.  0.],22808
[1073.  396.  232. ...    0.    0.    0.],22893
[1.329e+03 1.000e+00 3.000e+00 ... 0.000e+00 0.000e+00 0.000e+00],23025
[2618.  265.  262. ...    0.    0.    0.],23197
[ 0.  0. 17. ...  0.  0.  0.],23321
[1325.  868.  336. ...    0.    0.    0.],23409
[0. 0. 0. ... 0. 0. 0.],23506
[2146.  894.  144. ...    0.    0.    0.],23767
[44. 92.  3. ...  0.  0.  0.],24027
[10. 57. 50. ...  0.  0.  0.],24176
[3115.  159.  165. ...    0.    0.    0.],24534
[0. 0. 0. ... 0. 0. 0.],24885
[2031.  259.  161. ...    0.    0.    0.],25477
[487.   2.  25. ...   0.   0.   0.],26036
[10073.   224.   257. ...     0.     0.     0.],26143
[3726.  227.  125. ...    0.    0.    0.],26228
[10869.   289.   217. ...     0.     0.     0.],26339
[3269.  228.  124. ...    0.    0.    0.],26447
[9013.  243.  181. ...    0.    0.    0.],26743
[4326.  369.  164. ...    0.    0.    0.],27029
[9654.  287.  257. ...    0.    0.    0.],27171
[3683.  381.  213. ...    0.    0.    0.],27334
[12148.   439.   247. ...     0.     0.     0.],27430
[3019.  325.  167. ...    0.    0.    0.],27547
[1160.  266.  197. ...    0.    0.    0.],27679
[3667.  286.  144. ...    0.    0.    0.],27839
[1698.  329.   94. ...    0.    0.    0.],27966
[6361.  384.  234. ...    0.    0.    0.],28032
[35. 97. 65. ...  0.  0.  0.],28227
[4366.  296.  124. ...    0.    0.    0.],28441
[158. 131. 109. ...   0.   0.   0.],28648
[408. 284. 137. ...   0.   0.   0.],28879
[694. 463. 115. ...   0.   0.   0.],29296
[182.  56. 116. ...   0.   0.   0.],29664
[150. 184. 201. ...   0.   0.   0.],29722
[335.  55.  43. ...   0.   0.   0.],29839
[431. 335. 146. ...   0.   0.   0.],29986
[3319.  875.   81. ...    0.    0.    0.],30111
[1136.  201.   88. ...    0.    0.    0.],30209
[1726.  861.   46. ...    0.    0.    0.],30285
[617.  31.  61. ...   0.   0.   0.],30362
[529. 329. 100. ...   0.   0.   0.],30482
[239.  46.   9. ...   0.   0.   0.],30580
[69. 34. 26. ...  0.  0.  0.],30667
[ 6.  0. 14. ...  0.  0.  0.],30800
[302. 605. 152. ...   0.   0.   0.],30897
[340.  66.  40. ...   0.   0.   0.],31151
[389. 538.  63. ...   0.   0.   0.],31427
[268.  47.  21. ...   0.   0.   0.],31512
[ 517. 1133.   64. ...    0.    0.    0.],31560
[84. 18.  4. ...  0.  0.  0.],31600
[339. 172.  48. ...   0.   0.   0.],31662
[72. 39.  6. ...  0.  0.  0.],31734
[341. 894. 276. ...   0.   0.   0.],31779
[375. 348.  67. ...   0.   0.   0.],31993
[121.  16.   2. ...   0.   0.   0.],32248
[136. 355. 159. ...   0.   0.   0.],32492
[2. 9. 1. ... 0. 0. 0.],32711
[468. 922. 217. ...   0.   0.   0.],32785
[ 4.  6. 28. ...  0.  0.  0.],32902
[2848. 1099.  268. ...    0.    0.    0.],32998
[80.  0.  0. ...  0.  0.  0.],33109
[1439.  822.  246. ...    0.    0.    0.],33264
[370. 210.  47. ...   0.   0.   0.],33354
[3315. 3265. 1550. ...    0.    0.    0.],33425
[376. 244.  53. ...   0.   0.   0.],33555
[358. 213.  72. ...   0.   0.   0.],33690
[ 2.  3. 15. ...  0.  0.  0.],33785
[251.  44.  14. ...   0.   0.   0.],33885
[319.  84.  19. ...   0.   0.   0.],34090
[ 7. 14. 11. ...  0.  0.  0.],34312
[239.  50.  15. ...   0.   0.   0.],34465
[ 0.  2. 15. ...  0.  0.  0.],34610
[112.  32.  23. ...   0.   0.   0.],34722
[ 0.  4. 10. ...  0.  0.  0.],34824
[94. 37. 19. ...  0.  0.  0.],34950
[2. 0. 0. ... 0. 0. 0.],35097
[82. 20. 18. ...  0.  0.  0.],35230
[6. 0. 3. ... 0. 0. 0.],35338
[80. 23. 13. ...  0.  0.  0.],35435
[ 1.  7. 12. ...  0.  0.  0.],35636
[197. 986. 414. ...   0.   0.   0.],36710
[ 71. 242. 121. ...   0.   0.   0.],38156
[3469.  383.   90. ...    0.    0.    0.],38790
[526. 399.  17. ...   0.   0.   0.],38950
[1076.  400.   49. ...    0.    0.    0.],39059
[341. 352.  43. ...   0.   0.   0.],39181
[2287.  540.   87. ...    0.    0.    0.],39386
[173. 258.  92. ...   0.   0.   0.],39895
[ 97. 502.  16. ...   0.   0.   0.],40293
[2643.  253.   43. ...    0.    0.    0.],40402
[ 516. 1292.   25. ...    0.    0.    0.],40515
[2139.  263.   39. ...    0.    0.    0.],40617
[  25. 1449.   50. ...    0.    0.    0.],40806
[2308.  298.   60. ...    0.    0.    0.],41036
[ 9. 71. 43. ...  0.  0.  0.],41277
[  4. 213.  51. ...   0.   0.   0.],41499
[0. 4. 9. ... 0. 0. 0.],41726
[3863.   65.    0. ...    0.    0.    0.],41957
[7161. 2462.  137. ...    0.    0.    0.],42117
[16.  0.  0. ...  0.  0.  0.],42261
[6605.  661.  151. ...    0.    0.    0.],42492
[7.576e+03 0.000e+00 2.000e+00 ... 0.000e+00 0.000e+00 0.000e+00],42683
[511. 166.  91. ...   0.   0.   0.],43292
[ 665. 5603. 1982. ...    0.    0.    0.],43905
[ 185. 2911. 1956. ...    0.    0.    0.],44137
[609. 342.  48. ...   0.   0.   0.],44619
[1667.  214.  152. ...    0.    0.    0.],45384
[271. 372.  68. ...   0.   0.   0.],45915
[1022.  231.  110. ...    0.    0.    0.],46010
[8041.  761.   59. ...    0.    0.    0.],46136
[1091.  200.   97. ...    0.    0.    0.],46299
[367. 306.  42. ...   0.   0.   0.],46437
[9977.  367.   86. ...    0.    0.    0.],46515
[1252.  468.   69. ...    0.    0.    0.],46562
[5371.  367.  177. ...    0.    0.    0.],46652
[331. 188.  47. ...   0.   0.   0.],47017
[16989.   607.   115. ...     0.     0.     0.],47338
[754. 266.  84. ...   0.   0.   0.],47379
[373. 599.  62. ...   0.   0.   0.],47422
[22890.   390.   117. ...     0.     0.     0.],47472
[1615.  334.   44. ...    0.    0.    0.],47531
[25827.   756.    87. ...     0.     0.     0.],47613
[280. 215.  35. ...   0.   0.   0.],47891
[6722. 1559.  980. ...    0.    0.    0.],48823
[0. 0. 0. ... 0. 0. 0.],49587
[8434.  383.   28. ...    0.    0.    0.],50085
[0. 0. 0. ... 0. 0. 0.],50642
[1307. 1030.  727. ...    0.    0.    0.],50836
[1.7509e+04 4.0000e+00 0.0000e+00 ... 0.0000e+00 0.0000e+00 0.0000e+00],51161
[13052.   388.    78. ...     0.     0.     0.],51974
[48954.   519.    52. ...     0.     0.     0.],52650
[37701.   141.     0. ...     0.     0.     0.],53024
[7502. 2220.  576. ...    0.    0.    0.],53454
[20154.  2539.    56. ...     0.     0.     0.],53731
[4.2392e+04 1.3184e+04 2.4000e+01 ... 0.0000e+00 0.0000e+00 0.0000e+00],53891
[6.1872e+04 3.1600e+02 1.5000e+01 ... 0.0000e+00 0.0000e+00 0.0000e+00],54032
[15133.   255.    20. ...     0.     0.     0.],54139
[42588.  3830.   198. ...     0.     0.     0.],54323
[12875.   465.    50. ...     0.     0.     0.],54594
[12910.  5035.   225. ...     0.     0.     0.],54824
[19658.   272.    28. ...     0.     0.     0.],55078
[18556.  3684.    33. ...     0.     0.     0.],55351
[21766.   493.    66. ...     0.     0.     0.],55624
[27993.  2140.    29. ...     0.     0.     0.],55807
[19582.   397.    61. ...     0.     0.     0.],55941
[2.5856e+04 3.3600e+03 1.2000e+01 ... 0.0000e+00 0.0000e+00 0.0000e+00],56058
[20940.   389.    50. ...     0.     0.     0.],56331
[24443.  1760.     0. ...     0.     0.     0.],56827
[19907.   394.    24. ...     0.     0.     0.],57353
[3.3875e+04 1.2170e+03 2.1000e+01 ... 0.0000e+00 0.0000e+00 0.0000e+00],57799
[18017.   440.    45. ...     0.     0.     0.],58172
[39743.   703.    50. ...     0.     0.     0.],58385
[22653.   386.    47. ...     0.     0.     0.],58435
[34145.   723.     0. ...     0.     0.     0.],58579
[20461.   488.    35. ...     0.     0.     0.],58744
[33514.   910.     0. ...     0.     0.     0.],58849
[  0. 315.   5. ...   0.   0.   0.],58951
[ 10. 209.  37. ...   0.   0.   0.],59014
[1056. 1922.  351. ...    0.    0.    0.],59075
[924. 116. 154. ...   0.   0.   0.],59424
[3291.  557.  180. ...    0.    0.    0.],59829
[2736. 1146.  437. ...    0.    0.    0.],60311
[27095.  1739.   474. ...     0.     0.     0.],61098
[14010.   338.     0. ...     0.     0.     0.],61565
[1426. 3316.  853. ...    0.    0.    0.],61667
[903. 306. 194. ...   0.   0.   0.],63078
[ 0.  0. 28. ...  0.  0.  0.],64504
[26.  6.  0. ...  0.  0.  0.],64682
[ 976. 1235.   58. ...    0.    0.    0.],64856
[8. 0. 0. ... 0. 0. 0.],64974
[173. 922. 836. ...   0.   0.   0.],65116
[100.  26.  25. ...   0.   0.   0.],65226
[ 5. 25. 40. ...  0.  0.  0.],65341
[ 0.  0. 10. ...  0.  0.  0.],65465
[   0. 1672.    4. ...    0.    0.    0.],65527
[ 0. 17. 27. ...  0.  0.  0.],65625
[83. 21. 17. ...  0.  0.  0.],65734
[14. 24. 37. ...  0.  0.  0.],65801
[17.  7.  0. ...  0.  0.  0.],65880
[28. 15. 11. ...  0.  0.  0.],65959
[ 1.  2. 13. ...  0.  0.  0.],66072
[20. 14.  8. ...  0.  0.  0.],66168
[ 389. 1280.  208. ...    0.    0.    0.],66246
[  0. 122.  74. ...   0.   0.   0.],66406
[ 448. 1123.  961. ...    0.    0.    0.],66539
[  4.   8. 885. ...   0.   0.   0.],66594
[ 519.  888. 1187. ...    0.    0.    0.],66660
[ 10.  79. 904. ...   0.   0.   0.],66742
[64.  0.  0. ...  0.  0.  0.],66807
[1219.   24.   44. ...    0.    0.    0.],67020
[0. 0. 2. ... 0. 0. 0.],67255
[2454.  953. 1075. ...    0.    0.    0.],67477
[0. 0. 9. ... 0. 0. 0.],67674
[3940.  208.   82. ...    0.    0.    0.],67779
[1804.  747.  113. ...    0.    0.    0.],67922
[4120. 1152.  616. ...    0.    0.    0.],68154
[ 24. 209.  27. ...   0.   0.   0.],68426
[1718.  450.  136. ...    0.    0.    0.],68604
[2235.  522.  244. ...    0.    0.    0.],68694
[194. 139.  49. ...   0.   0.   0.],68827
[0. 0. 5. ... 0. 0. 0.],68983
[282. 179.  56. ...   0.   0.   0.],73381
[857. 119.   1. ...   0.   0.   0.],77819
[0. 0. 4. ... 0. 0. 0.],77966
[9331.  319.  225. ...    0.    0.    0.],78150
[ 3. 21. 61. ...  0.  0.  0.],78300
[ 34. 156. 151. ...   0.   0.   0.],78366
[1704.  561.  218. ...    0.    0.    0.],78477
[176. 280. 542. ...   0.   0.   0.],78590
[ 25. 348. 293. ...   0.   0.   0.],78653
[1825.  963.  398. ...    0.    0.    0.],78729
[45. 79. 95. ...  0.  0.  0.],78797
[152. 262. 231. ...   0.   0.   0.],78836
[370. 400. 693. ...   0.   0.   0.],78874
[ 72. 154. 857. ...   0.   0.   0.],78934
[967. 638. 191. ...   0.   0.   0.],79011
[0. 0. 0. ... 0. 0. 0.],79067
[11529.   267.   177. ...     0.     0.     0.],79437
[ 7. 63. 29. ...  0.  0.  0.],79841
[19.  7. 16. ...  0.  0.  0.],79931
[712. 537. 443. ...   0.   0.   0.],80035
[371. 492. 398. ...   0.   0.   0.],80128
[0. 8. 0. ... 0. 0. 0.],80182
[879. 457. 360. ...   0.   0.   0.],80280
[4. 0. 2. ... 0. 0. 0.],80372
[667. 425. 192. ...   0.   0.   0.],80422
[949. 427. 359. ...   0.   0.   0.],80471
[821. 439. 286. ...   0.   0.   0.],80543
[554. 600. 195. ...   0.   0.   0.],80646
[  3. 152.  33. ...   0.   0.   0.],80734
[  4. 136. 427. ...   0.   0.   0.],80790
[ 251. 1250.  987. ...    0.    0.    0.],80856
[  0.  35. 150. ...   0.   0.   0.],80917
[123. 279. 171. ...   0.   0.   0.],81017
[ 10.  60. 259. ...   0.   0.   0.],81114
[706. 506. 793. ...   0.   0.   0.],81168
[  1. 130. 184. ...   0.   0.   0.],81223
[  7. 309. 112. ...   0.   0.   0.],81267
[725. 494. 583. ...   0.   0.   0.],81331
[ 33. 575.  77. ...   0.   0.   0.],81420
[8638.  524.  216. ...    0.    0.    0.],81937
[ 201. 1162. 1402. ...    0.    0.    0.],82446
[  7. 277. 706. ...   0.   0.   0.],82537
[7461.  631.  266. ...    0.    0.    0.],82814
[250.  89.  44. ...   0.   0.   0.],83085
[519. 419. 567. ...   0.   0.   0.],83256
[228.  79.  57. ...   0.   0.   0.],83491
[950. 805. 486. ...   0.   0.   0.],83712
[188.  65.  78. ...   0.   0.   0.],83892
[334. 935. 994. ...   0.   0.   0.],84007
[224.  82.  27. ...   0.   0.   0.],84100
[355. 306. 163. ...   0.   0.   0.],84522
[12287.   224.   155. ...     0.     0.     0.],85102
[422. 257. 326. ...   0.   0.   0.],85386
[9626.  347.  197. ...    0.    0.    0.],85496
[2199.  206.  139. ...    0.    0.    0.],85667
[ 87. 233. 361. ...   0.   0.   0.],85848
[1619.  306.  184. ...    0.    0.    0.],85984
[722. 299. 176. ...   0.   0.   0.],86127
[875. 441. 256. ...   0.   0.   0.],86229
[199. 340. 475. ...   0.   0.   0.],86311
[759. 241. 249. ...   0.   0.   0.],86376
[439. 751. 578. ...   0.   0.   0.],86485
[476. 161. 292. ...   0.   0.   0.],86636
[1783.  250.  139. ...    0.    0.    0.],86763
[143. 192. 304. ...   0.   0.   0.],86865
[2265.  317.  195. ...    0.    0.    0.],86950
[209. 667. 318. ...   0.   0.   0.],87102
[2100.  214.   82. ...    0.    0.    0.],87265
[611.  67. 100. ...   0.   0.   0.],87348
[ 37. 654. 420. ...   0.   0.   0.],87430
[396. 723. 320. ...   0.   0.   0.],87487
[617. 170.  96. ...   0.   0.   0.],87526
[419. 357. 903. ...   0.   0.   0.],87582
[5940. 8564.  924. ...    0.    0.    0.],87695
[24269.   441.    79. ...     0.     0.     0.],88087
[10057.   127.    41. ...     0.     0.     0.],88525
[195. 165. 107. ...   0.   0.   0.],88829
[522. 634. 150. ...   0.   0.   0.],89066
[2119.  421.  185. ...    0.    0.    0.],89153
[939. 398.  84. ...   0.   0.   0.],89214
[1507.  236.  178. ...    0.    0.    0.],89262
[575. 573. 127. ...   0.   0.   0.],89317
[2505.   70.   80. ...    0.    0.    0.],89418
[461. 347. 123. ...   0.   0.   0.],89518
[1995.   62.   76. ...    0.    0.    0.],89722
[430. 326. 164. ...   0.   0.   0.],89982
[2824.  566.   35. ...    0.    0.    0.],90137
[528. 314. 176. ...   0.   0.   0.],90252
[2154.  110.   73. ...    0.    0.    0.],90338
[413. 998. 116. ...   0.   0.   0.],90453
[3057.   42.   50. ...    0.    0.    0.],90583
[355. 565. 167. ...   0.   0.   0.],90684
[5278. 1689.  631. ...    0.    0.    0.],90795
[1877.  309.  231. ...    0.    0.    0.],91175
[266. 579. 180. ...   0.   0.   0.],91575
[ 38. 394.  99. ...   0.   0.   0.],91685
[60896.   432.   130. ...     0.     0.     0.],91733
[275. 867. 596. ...   0.   0.   0.],91801
[ 0.  0. 24. ...  0.  0.  0.],91903
[ 0. 33. 39. ...  0.  0.  0.],92125
[0. 0. 1. ... 0. 0. 0.],92363
[3756.  363.   53. ...    0.    0.    0.],92701
[ 394.  911. 2100. ...    0.    0.    0.],93059
[46442.  2920.   310. ...     0.     0.     0.],93306
[4444.  339.  186. ...    0.    0.    0.],93530
[3.8105e+04 8.0000e+01 1.5000e+01 ... 0.0000e+00 0.0000e+00 0.0000e+00],93624
[337. 225.  16. ...   0.   0.   0.],93705
[2.5879e+04 8.8000e+01 6.0000e+00 ... 0.0000e+00 0.0000e+00 0.0000e+00],93855
[5713.  359.  292. ...    0.    0.    0.],94019
[1.9444e+04 4.0000e+01 5.0000e+00 ... 0.0000e+00 0.0000e+00 0.0000e+00],94176
[3379.  312.  166. ...    0.    0.    0.],94299
[2.8458e+04 1.3900e+02 4.0000e+00 ... 0.0000e+00 0.0000e+00 0.0000e+00],94350
[4798.  444.  221. ...    0.    0.    0.],94448
[1.6117e+04 1.0000e+01 0.0000e+00 ... 0.0000e+00 0.0000e+00 0.0000e+00],94597
[3036.  262.   69. ...    0.    0.    0.],94707
[2.4401e+04 7.7000e+01 1.0000e+01 ... 0.0000e+00 0.0000e+00 0.0000e+00],94768
[8564.  523.  475. ...    0.    0.    0.],94856
[48339.   231.    65. ...     0.     0.     0.],95484
[36521.   504.   117. ...     0.     0.     0.],96066
[21554.    71.     0. ...     0.     0.     0.],96111
[2956.  366.   71. ...    0.    0.    0.],96169
[2.0128e+04 1.2300e+02 1.8000e+01 ... 0.0000e+00 0.0000e+00 0.0000e+00],96240
[942. 340. 134. ...   0.   0.   0.],96363
[1.7547e+04 1.2400e+02 1.2000e+01 ... 0.0000e+00 0.0000e+00 0.0000e+00],96507
[655. 310. 221. ...   0.   0.   0.],96597
[135.  37.  10. ...   0.   0.   0.],96652
[4.2328e+04 6.3700e+02 2.3000e+01 ... 0.0000e+00 0.0000e+00 0.0000e+00],96756
[3.7858e+04 6.0000e+01 3.2000e+01 ... 0.0000e+00 0.0000e+00 0.0000e+00],97268
[10001.   768.   145. ...     0.     0.     0.],97740
[1784.   30.    6. ...    0.    0.    0.],97816
[6868. 1188.  554. ...    0.    0.    0.],97883
[884.  12.   7. ...   0.   0.   0.],97967
[5129.  746.   15. ...    0.    0.    0.],98039
[4878.  213.  215. ...    0.    0.    0.],98094
[8398. 1384.  441. ...    0.    0.    0.],98254
[6726. 1333.   28. ...    0.    0.    0.],98399
[2.7877e+04 3.7000e+01 2.0000e+00 ... 0.0000e+00 0.0000e+00 0.0000e+00],98468
[11250.  1045.    54. ...     0.     0.     0.],98583
[3.3059e+04 6.3000e+01 3.0000e+00 ... 0.0000e+00 0.0000e+00 0.0000e+00],98677
[6416. 1102.   91. ...    0.    0.    0.],98854
[2.7178e+04 7.2000e+01 6.0000e+00 ... 0.0000e+00 0.0000e+00 0.0000e+00],99071
[5.598e+03 2.000e+00 0.000e+00 ... 0.000e+00 0.000e+00 0.000e+00],99188
[813.  33. 116. ...   0.   0.   0.],99267
[5.623e+03 1.000e+00 0.000e+00 ... 0.000e+00 0.000e+00 0.000e+00],99326
[2053.  149.   66. ...    0.    0.    0.],99438
[8.521e+03 3.000e+00 1.000e+00 ... 0.000e+00 0.000e+00 0.000e+00],99556
[1916.  118.   59. ...    0.    0.    0.],99635
[6388.   90.   28. ...    0.    0.    0.],100227
[3896.  682.  189. ...    0.    0.    0.],101021
[9267.  829.   40. ...    0.    0.    0.],101329
[0. 0. 0. ... 0. 0. 0.],101432
[2766.  828.  124. ...    0.    0.    0.],102183
[ 2.  7. 13. ...  0.  0.  0.],102954
[6591. 1332.  211. ...    0.    0.    0.],103082
[ 98. 745.  91. ...   0.   0.   0.],103263
[2835.  686.   45. ...    0.    0.    0.],103400
[192. 408.  28. ...   0.   0.   0.],103481
[4234. 1130.  181. ...    0.    0.    0.],103567
[143. 355.  18. ...   0.   0.   0.],103698
[1946.  796.  327. ...    0.    0.    0.],103849
[217. 113.  11. ...   0.   0.   0.],104029
[5571.  177.  159. ...    0.    0.    0.],104211
[1438.  379.   30. ...    0.    0.    0.],104336
[1.0498e+04 1.0540e+03 1.0000e+00 ... 0.0000e+00 0.0000e+00 0.0000e+00],104508
[ 916. 1555.    8. ...    0.    0.    0.],105073
[13385.   660.   552. ...     0.     0.     0.],105578
[10817.   847.    30. ...     0.     0.     0.],105861
[6.9093e+04 3.0100e+02 2.8000e+01 ... 0.0000e+00 0.0000e+00 0.0000e+00],106195
[6.0869e+04 1.0700e+02 3.0000e+01 ... 0.0000e+00 0.0000e+00 0.0000e+00],106380
[2.866e+04 4.850e+02 7.000e+00 ... 0.000e+00 0.000e+00 0.000e+00],106654
[3.0592e+04 1.4430e+03 1.0000e+00 ... 0.0000e+00 0.0000e+00 0.0000e+00],106992
[2835.   76.    7. ...    0.    0.    0.],107256
[4364.   64.    0. ...    0.    0.    0.],107463
[1.6766e+04 4.1000e+01 1.0000e+00 ... 0.0000e+00 0.0000e+00 0.0000e+00],107659
[4259.   49.    0. ...    0.    0.    0.],107831
[13345.    28.     0. ...     0.     0.     0.],107962
[4933.  111.    0. ...    0.    0.    0.],108078
[5.691e+03 3.000e+00 0.000e+00 ... 0.000e+00 0.000e+00 0.000e+00],108287
[2888.   10.    3. ...    0.    0.    0.],108474
[636.   0.   0. ...   0.   0.   0.],108571
[2230.    0.    0. ...    0.    0.    0.],108764
[1.1615e+04 5.2600e+02 7.0000e+00 ... 0.0000e+00 0.0000e+00 0.0000e+00],108927
[488.   0.   0. ...   0.   0.   0.],109012
[8843.  996.    9. ...    0.    0.    0.],109138
[3744.    0.    0. ...    0.    0.    0.],109277
[22855.   290.     0. ...     0.     0.     0.],109462
[9672.  568.    0. ...    0.    0.    0.],109634
[2.4772e+04 3.8200e+02 1.5000e+01 ... 0.0000e+00 0.0000e+00 0.0000e+00],109863
[8771.  409.    0. ...    0.    0.    0.],110264
[2.5227e+04 3.6800e+02 1.6000e+01 ... 0.0000e+00 0.0000e+00 0.0000e+00],110581
[8175.  353.    0. ...    0.    0.    0.],110922
[1.173e+04 4.900e+02 1.000e+00 ... 0.000e+00 0.000e+00 0.000e+00],111365
[6.495e+03 6.930e+02 2.000e+00 ... 0.000e+00 0.000e+00 0.000e+00],111710
[1.5744e+04 2.5800e+02 1.1000e+01 ... 0.0000e+00 0.0000e+00 0.0000e+00],111999
[5863.   10.    0. ...    0.    0.    0.],112266
[1.7661e+04 1.8600e+02 4.0000e+00 ... 0.0000e+00 0.0000e+00 0.0000e+00],112420
[10283.    89.     0. ...     0.     0.     0.],112493
[2.5604e+04 2.3500e+02 5.0000e+00 ... 0.0000e+00 0.0000e+00 0.0000e+00],112779
[11465.   415.     0. ...     0.     0.     0.],113145
[2.0163e+04 2.5300e+02 1.7000e+01 ... 0.0000e+00 0.0000e+00 0.0000e+00],113371
[12555.    37.     0. ...     0.     0.     0.],113748
[14721.   211.     0. ...     0.     0.     0.],114180
[9.617e+03 1.250e+02 2.000e+00 ... 0.000e+00 0.000e+00 0.000e+00],114489
[1.0748e+04 4.7900e+02 2.0000e+00 ... 0.0000e+00 0.0000e+00 0.0000e+00],114740
[8443.  105.    0. ...    0.    0.    0.],114872
[2.0721e+04 2.2100e+02 9.0000e+00 ... 0.0000e+00 0.0000e+00 0.0000e+00],115004
[8482.   74.    0. ...    0.    0.    0.],115321
[12987.   162.     0. ...     0.     0.     0.],115658
[11752.   108.     0. ...     0.     0.     0.],115856
[1.1937e+04 2.3000e+02 5.0000e+00 ... 0.0000e+00 0.0000e+00 0.0000e+00],116070
[11466.   166.     0. ...     0.     0.     0.],116280
[10704.   220.     0. ...     0.     0.     0.],116414
[11580.    60.     0. ...     0.     0.     0.],116592
[8372.   72.    0. ...    0.    0.    0.],116831
[2.716e+03 2.500e+01 1.000e+00 ... 0.000e+00 0.000e+00 0.000e+00],117206
[2660.   66.    0. ...    0.    0.    0.],117820
[801.   3.   1. ...   0.   0.   0.],118482
[2.058e+03 4.000e+00 2.000e+00 ... 0.000e+00 0.000e+00 0.000e+00],119350
[648.   8.   1. ...   0.   0.   0.],119936
[5420.  293.    0. ...    0.    0.    0.],120019
[1.873e+03 9.000e+00 1.000e+00 ... 0.000e+00 0.000e+00 0.000e+00],120165
[1.4006e+04 5.1000e+02 2.0000e+00 ... 0.0000e+00 0.0000e+00 0.0000e+00],120288
[1855.   40.   11. ...    0.    0.    0.],120363
[7.314e+03 2.650e+02 1.000e+00 ... 0.000e+00 0.000e+00 0.000e+00],120425
[1.334e+03 9.000e+00 1.000e+00 ... 0.000e+00 0.000e+00 0.000e+00],120494
[901.  10.   1. ...   0.   0.   0.],120571
[2986.    0.    0. ...    0.    0.    0.],120618
[2562.   64.   11. ...    0.    0.    0.],120660
[7.03e+03 2.00e+00 0.00e+00 ... 0.00e+00 0.00e+00 0.00e+00],120740
[2489.   90.    0. ...    0.    0.    0.],120838
[7274.  452.   70. ...    0.    0.    0.],120897
[945.   5.   0. ...   0.   0.   0.],120937
[3474.  245.   16. ...    0.    0.    0.],121039
[3356.   87.    6. ...    0.    0.    0.],121177
[5735.  289.   72. ...    0.    0.    0.],121319
[2596.  164.    3. ...    0.    0.    0.],121463
[9596.  337.   15. ...    0.    0.    0.],121553
[3366.   29.    4. ...    0.    0.    0.],121597
[8.579e+03 3.910e+02 6.000e+00 ... 0.000e+00 0.000e+00 0.000e+00],121639
[197.   0.   0. ...   0.   0.   0.],121791
[10579.   362.    39. ...     0.     0.     0.],121938
[338.   2.   0. ...   0.   0.   0.],121984
[12027.   313.    39. ...     0.     0.     0.],122045
[44.  0.  0. ...  0.  0.  0.],122134
[28.  0.  0. ...  0.  0.  0.],122250
[7692.  242.   30. ...    0.    0.    0.],122340
[12462.  2282.   259. ...     0.     0.     0.],122421
[649. 489. 146. ...   0.   0.   0.],122541
[9856. 5233.  235. ...    0.    0.    0.],122630
[507. 319.  79. ...   0.   0.   0.],122689
[5427.  813.  608. ...    0.    0.    0.],123017
[448.  36.  25. ...   0.   0.   0.],123336
[11413.  5303.    59. ...     0.     0.     0.],123440
[900. 121.  42. ...   0.   0.   0.],123637
[1.3389e+04 1.1550e+03 1.1000e+01 ... 0.0000e+00 0.0000e+00 0.0000e+00],123806
[643.  65.  21. ...   0.   0.   0.],123887
[15305.  1227.    16. ...     0.     0.     0.],124033
[330.  61.  34. ...   0.   0.   0.],124194
[12984.   936.    42. ...     0.     0.     0.],124355
[428.  59.  29. ...   0.   0.   0.],124511
[3696.  148.  153. ...    0.    0.    0.],124638
[7260. 1363.  179. ...    0.    0.    0.],124839
[2482.   93.  122. ...    0.    0.    0.],125033
[ 23. 229.  32. ...   0.   0.   0.],125470
[ 9. 13. 23. ...  0.  0.  0.],125996
[4.3189e+04 2.1000e+02 3.6000e+01 ... 0.0000e+00 0.0000e+00 0.0000e+00],126264
[12545.   943.    21. ...     0.     0.     0.],126454
[2.1813e+04 2.5400e+02 2.0000e+01 ... 0.0000e+00 0.0000e+00 0.0000e+00],126654
[9.137e+03 4.560e+02 4.000e+00 ... 0.000e+00 0.000e+00 0.000e+00],126799
[26273.   300.    54. ...     0.     0.     0.],126945
[6.987e+03 1.480e+02 3.000e+00 ... 0.000e+00 0.000e+00 0.000e+00],127234
[36.  0.  0. ...  0.  0.  0.],127449
[1369.   25.    2. ...    0.    0.    0.],127562
[408.  37.  38. ...   0.   0.   0.],127684
[3282.  590.  137. ...    0.    0.    0.],127821
[197.   3.  19. ...   0.   0.   0.],127979
[2586.  315.  146. ...    0.    0.    0.],128202
[245.  32. 108. ...   0.   0.   0.],128477
[2867.  402.  124. ...    0.    0.    0.],128638
[226.  12.  20. ...   0.   0.   0.],128744
[3126.  459.  129. ...    0.    0.    0.],128892
[161.   6.  42. ...   0.   0.   0.],129130
[2058.  193.   67. ...    0.    0.    0.],129359
[279.   3.  11. ...   0.   0.   0.],129540
[3957.  331.   35. ...    0.    0.    0.],129690
[157.   6.  14. ...   0.   0.   0.],129796
[3545.  386.   57. ...    0.    0.    0.],129969
[130.   9.  46. ...   0.   0.   0.],130124
[4840.  524.   82. ...    0.    0.    0.],130204
[144.   3.   8. ...   0.   0.   0.],130290
[3126.  391.   63. ...    0.    0.    0.],130387
[213.  20.  19. ...   0.   0.   0.],130497
[3789.  442.  114. ...    0.    0.    0.],130651
[305.  13.  11. ...   0.   0.   0.],130849
[3315.  370.  107. ...    0.    0.    0.],130992
[271.  36.  41. ...   0.   0.   0.],131110
[3561.  319.   64. ...    0.    0.    0.],131277
[873. 129. 132. ...   0.   0.   0.],131400
[2189.  768.  328. ...    0.    0.    0.],131520
[2363.  830.  489. ...    0.    0.    0.],131703
[ 805. 1256.  491. ...    0.    0.    0.],131949
[1422. 1899.  683. ...    0.    0.    0.],132135
[ 879. 1834.  542. ...    0.    0.    0.],132244
[1384.  779.  630. ...    0.    0.    0.],132353
[682. 982. 741. ...   0.   0.   0.],132425
[1547. 1022.  714. ...    0.    0.    0.],132538
[1011. 1247.  783. ...    0.    0.    0.],132658
[971. 922. 554. ...   0.   0.   0.],132750
[ 1. 10.  1. ...  0.  0.  0.],132958
[791. 686.  35. ...   0.   0.   0.],134227
[412. 134.  18. ...   0.   0.   0.],135619
[262. 324.  99. ...   0.   0.   0.],136184
[ 765. 1745.   80. ...    0.    0.    0.],136512
[1079.  285.  164. ...    0.    0.    0.],136703
[239. 549. 173. ...   0.   0.   0.],136976
[1582.  195.  119. ...    0.    0.    0.],137282
[2844. 1088.   47. ...    0.    0.    0.],137561
[764. 126.  75. ...   0.   0.   0.],137733
[98763.   791.   421. ...     0.     0.     0.],137864
[3504.  424.   53. ...    0.    0.    0.],137960
[51976.   985.   351. ...     0.     0.     0.],138083
[11159.  1046.   408. ...     0.     0.     0.],138317
[6.5258e+04 1.6310e+03 2.9000e+01 ... 0.0000e+00 0.0000e+00 0.0000e+00],138492
[2.6333e+04 6.0000e+00 2.0000e+00 ... 0.0000e+00 0.0000e+00 0.0000e+00],138586
[985. 596. 673. ...   0.   0.   0.],138738
[1882. 1114.  935. ...    0.    0.    0.],138876
[  0.   2. 655. ...   0.   0.   0.],139193
[  0.  29. 297. ...   0.   0.   0.],139474
[3628. 1035.  640. ...    0.    0.    0.],139719
[1063.  290.  183. ...    0.    0.    0.],139999
[409. 357. 172. ...   0.   0.   0.],140167
[1361.  997.  409. ...    0.    0.    0.],140881
[800. 388. 160. ...   0.   0.   0.],141525
[602. 936. 483. ...   0.   0.   0.],141644
[21746.   960.   214. ...     0.     0.     0.],141913
[4.2515e+04 1.8300e+02 2.2000e+01 ... 0.0000e+00 0.0000e+00 0.0000e+00],142629
[0. 0. 0. ... 0. 0. 0.],143385
[9173.  133.   19. ...    0.    0.    0.],143772
[  0. 124. 149. ...   0.   0.   0.],144041
[15201.   730.    65. ...     0.     0.     0.],144316
[ 125. 4963. 3917. ...    0.    0.    0.],144586
[ 564. 4015.   31. ...    0.    0.    0.],144777
[351.  40.  13. ...   0.   0.   0.],145084
[4334. 6968.  202. ...    0.    0.    0.],145342
[ 242. 4177.  252. ...    0.    0.    0.],145453
[7748. 4525.  170. ...    0.    0.    0.],145599
[ 552. 6864.  137. ...    0.    0.    0.],145741
[10424.  4649.   141. ...     0.     0.     0.],145849
[ 575. 7678.  282. ...    0.    0.    0.],145937
[15625.  5498.   117. ...     0.     0.     0.],146050
[ 865. 7066.  176. ...    0.    0.    0.],146134
[17559.  7575.   194. ...     0.     0.     0.],146211
[ 447. 5098.  172. ...    0.    0.    0.],146348
[16778.  7760.   301. ...     0.     0.     0.],146478
[ 407. 6792.  534. ...    0.    0.    0.],146651
[15881.  4931.   321. ...     0.     0.     0.],146848
[ 490. 5080.  254. ...    0.    0.    0.],146954
[21175.  7475.   255. ...     0.     0.     0.],147023
[4186.  128.  139. ...    0.    0.    0.],147104
[23434.  8079.   265. ...     0.     0.     0.],147214
[5608.  181.  136. ...    0.    0.    0.],147315
[14818.  4747.   258. ...     0.     0.     0.],147411
[61757.  1012.   281. ...     0.     0.     0.],147565
[13385.   433.   183. ...     0.     0.     0.],147744
[9306. 1353.  100. ...    0.    0.    0.],147872
[11520.   296.    52. ...     0.     0.     0.],147956
[8153.  633.   48. ...    0.    0.    0.],148036
[7695.  146.   97. ...    0.    0.    0.],148128
[6754.  520.   57. ...    0.    0.    0.],148217
[12465.   649.   100. ...     0.     0.     0.],148289
[10314.   228.    30. ...     0.     0.     0.],148347
[13390.   398.    75. ...     0.     0.     0.],148577
[8401. 2909.  156. ...    0.    0.    0.],148866
[9610.  358.   46. ...    0.    0.    0.],149004
[7450. 3419.   25. ...    0.    0.    0.],149089
[15748.   894.    72. ...     0.     0.     0.],149148
[2.9311e+04 8.7000e+01 2.3000e+01 ... 0.0000e+00 0.0000e+00 0.0000e+00],149249
[18153.   228.    48. ...     0.     0.     0.],149372
[6.8287e+04 6.8000e+01 1.0000e+00 ... 0.0000e+00 0.0000e+00 0.0000e+00],149464
[16460.   406.    32. ...     0.     0.     0.],149549
[55192.   127.     0. ...     0.     0.     0.],149735
[26438.   269.    30. ...     0.     0.     0.],149970
[35466.    50.     0. ...     0.     0.     0.],150122
[27134.   249.    51. ...     0.     0.     0.],150285
[39293.    59.     0. ...     0.     0.     0.],150589
[22869.   398.    39. ...     0.     0.     0.],150865
[3.7311e+04 1.4000e+01 0.0000e+00 ... 0.0000e+00 0.0000e+00 0.0000e+00],150967
[20922.   178.    21. ...     0.     0.     0.],151044
[2.8325e+04 3.0000e+02 2.0000e+01 ... 0.0000e+00 0.0000e+00 0.0000e+00],151168
[4.1981e+04 3.5000e+01 0.0000e+00 ... 0.0000e+00 0.0000e+00 0.0000e+00],151353
[23698.   265.    49. ...     0.     0.     0.],151519
[46052.    52.     0. ...     0.     0.     0.],151639
[19555.   305.    24. ...     0.     0.     0.],151732
[35838.   151.     0. ...     0.     0.     0.],151804
[2.2473e+04 3.9700e+02 1.7000e+01 ... 0.0000e+00 0.0000e+00 0.0000e+00],151921
[4.395e+04 3.100e+01 0.000e+00 ... 0.000e+00 0.000e+00 0.000e+00],152106
[13798.   300.    46. ...     0.     0.     0.],152396
[4.2784e+04 9.9000e+01 2.0000e+00 ... 0.0000e+00 0.0000e+00 0.0000e+00],152610
[15631.   610.    27. ...     0.     0.     0.],152705
[32765.   131.     0. ...     0.     0.     0.],152885
[9156.  680.   15. ...    0.    0.    0.],153081
[32792.    84.     0. ...     0.     0.     0.],153195
[15361.   610.    50. ...     0.     0.     0.],153348
[30878.    70.     0. ...     0.     0.     0.],153515
[2.9719e+04 1.0000e+00 0.0000e+00 ... 0.0000e+00 0.0000e+00 0.0000e+00],153680
[6.0434e+04 1.3200e+02 5.5000e+01 ... 0.0000e+00 0.0000e+00 0.0000e+00],153812
[20465.   199.    56. ...     0.     0.     0.],153875
[4.3143e+04 1.0000e+00 0.0000e+00 ... 0.0000e+00 0.0000e+00 0.0000e+00],153941
[2.9741e+04 3.1600e+02 1.5000e+01 ... 0.0000e+00 0.0000e+00 0.0000e+00],154024
[13187.   153.    27. ...     0.     0.     0.],154115
[13466.   298.     0. ...     0.     0.     0.],154329
[5.1734e+04 1.0900e+02 1.0000e+00 ... 0.0000e+00 0.0000e+00 0.0000e+00],154647
[5.9979e+04 6.7000e+02 5.0000e+01 ... 0.0000e+00 0.0000e+00 0.0000e+00],154860
[57984.   309.    98. ...     0.     0.     0.],155542
[27327.   313.   577. ...     0.     0.     0.],156190
[  0.  46. 231. ...   0.   0.   0.],156482
[  94. 1598.  655. ...    0.    0.    0.],156887
[ 516. 5958.   16. ...    0.    0.    0.],157151
[ 687. 1509.  727. ...    0.    0.    0.],157296
[ 382. 1618. 1166. ...    0.    0.    0.],157616
[ 204. 3173.   85. ...    0.    0.    0.],157934
[  25. 2858.  220. ...    0.    0.    0.],157988
[  13. 4088.  103. ...    0.    0.    0.],158027
[ 11. 791.  61. ...   0.   0.   0.],158317
[1668. 1781.  885. ...    0.    0.    0.],158638
[395. 394.  95. ...   0.   0.   0.],158727
[205. 247. 103. ...   0.   0.   0.],158800
[504. 300.  95. ...   0.   0.   0.],158860
[2655. 1472.  552. ...    0.    0.    0.],158910
[1309.  669.   97. ...    0.    0.    0.],158957
[116. 216.  63. ...   0.   0.   0.],159003
[1256.  925.   77. ...    0.    0.    0.],159066
[286. 371.  54. ...   0.   0.   0.],159218
[557. 243. 353. ...   0.   0.   0.],159425
[285. 456. 346. ...   0.   0.   0.],160078
[ 38. 210. 195. ...   0.   0.   0.],160651
[122. 270. 123. ...   0.   0.   0.],160692
[256. 339. 100. ...   0.   0.   0.],161300
[5846. 3659.  256. ...    0.    0.    0.],161969
[3378.  393.  261. ...    0.    0.    0.],162089
[1714.  375.  254. ...    0.    0.    0.],162304
[3878. 1086.  467. ...    0.    0.    0.],162524
[906. 410. 329. ...   0.   0.   0.],162739
[4643.  794.  395. ...    0.    0.    0.],162966
[1135.  364.  234. ...    0.    0.    0.],163115
[3.2748e+04 1.2000e+01 0.0000e+00 ... 0.0000e+00 0.0000e+00 0.0000e+00],163314
[12315.   159.    14. ...     0.     0.     0.],163614
[4804.  458.  144. ...    0.    0.    0.],164304
[2159.  387.  143. ...    0.    0.    0.],165104
[995. 218.  36. ...   0.   0.   0.],165460
[3.6436e+04 1.1800e+02 2.3000e+01 ... 0.0000e+00 0.0000e+00 0.0000e+00],166199
[1893.    0.    0. ...    0.    0.    0.],167018
[4.0611e+04 1.2000e+02 1.0000e+01 ... 0.0000e+00 0.0000e+00 0.0000e+00],167285
[4384.    0.    0. ...    0.    0.    0.],167525
[40228.   182.    49. ...     0.     0.     0.],167793
[1.8693e+04 2.7000e+01 5.0000e+00 ... 0.0000e+00 0.0000e+00 0.0000e+00],168028
[39151.   193.    80. ...     0.     0.     0.],168179
[2.1843e+04 4.9000e+01 6.0000e+00 ... 0.0000e+00 0.0000e+00 0.0000e+00],168400
[38641.   221.    98. ...     0.     0.     0.],168582
[2.9865e+04 5.7000e+01 1.5000e+01 ... 0.0000e+00 0.0000e+00 0.0000e+00],168652
[37966.   204.    91. ...     0.     0.     0.],168704
[1.7264e+04 6.0000e+00 0.0000e+00 ... 0.0000e+00 0.0000e+00 0.0000e+00],168754
[32408.   220.   128. ...     0.     0.     0.],168813
[1.8157e+04 3.7000e+01 1.7000e+01 ... 0.0000e+00 0.0000e+00 0.0000e+00],168894
[251. 392. 400. ...   0.   0.   0.],168957
[1472.  721.  360. ...    0.    0.    0.],169017
[398. 405. 158. ...   0.   0.   0.],169503
[2692. 1771.  298. ...    0.    0.    0.],169971
[2764.  314.   55. ...    0.    0.    0.],170039
[7747. 3789.  112. ...    0.    0.    0.],170126
[561. 456. 565. ...   0.   0.   0.],170414
[1419.  290.  181. ...    0.    0.    0.],170725
[ 95.  63. 126. ...   0.   0.   0.],170829
[ 15. 367. 246. ...   0.   0.   0.],170914
[ 72. 115.  51. ...   0.   0.   0.],170985
[7769.  463.  156. ...    0.    0.    0.],171065
[  7. 100.  62. ...   0.   0.   0.],171144
[ 49. 840. 212. ...   0.   0.   0.],171199
[15. 52. 51. ...  0.  0.  0.],171266
[1317.  409.   68. ...    0.    0.    0.],172048
[2713.  306.  315. ...    0.    0.    0.],173038
[162. 159. 180. ...   0.   0.   0.],173367
[33604.  6522.   339. ...     0.     0.     0.],173522
[46297.   160.    57. ...     0.     0.     0.],173641
[55165.    70.    79. ...     0.     0.     0.],173765
[18306.   133.   125. ...     0.     0.     0.],173886
[64789.   560.   127. ...     0.     0.     0.],173954
[5.2767e+04 1.1400e+02 2.6000e+01 ... 0.0000e+00 0.0000e+00 0.0000e+00],173994
[5.936e+04 7.100e+01 2.700e+01 ... 0.000e+00 0.000e+00 0.000e+00],174058
[86. 34.  9. ...  0.  0.  0.],174122
[462.  50.  36. ...   0.   0.   0.],174369
[ 0. 16.  4. ...  0.  0.  0.],174620
[1223.  711.  242. ...    0.    0.    0.],174692
[ 84. 287.  34. ...   0.   0.   0.],174794
[ 9728. 12302.   615. ...     0.     0.     0.],175062
[3294.  667.  159. ...    0.    0.    0.],175357
[469. 777. 343. ...   0.   0.   0.],175486
[133.  24.   0. ...   0.   0.   0.],175603
[900. 866. 222. ...   0.   0.   0.],175709
[ 648. 6118.  590. ...    0.    0.    0.],175891
[1652.  555.  367. ...    0.    0.    0.],176151
[1847. 7063.  691. ...    0.    0.    0.],176394
[1063.  892.   42. ...    0.    0.    0.],176583
[16742.  2162.   465. ...     0.     0.     0.],176715
[7426.  476.   71. ...    0.    0.    0.],177220
[21194.  1552.   559. ...     0.     0.     0.],178399
[11288.  1232.   399. ...     0.     0.     0.],179199
[1993.  843.  182. ...    0.    0.    0.],179384
[2964. 2033.  943. ...    0.    0.    0.],179578
[2627.  516.  553. ...    0.    0.    0.],179654
[2136.  418.  220. ...    0.    0.    0.],179815
[1626.  686.  593. ...    0.    0.    0.],179994
[2168.  308.   81. ...    0.    0.    0.],180048
[33.  0.  1. ...  0.  0.  0.],180096
[120.   0.   0. ...   0.   0.   0.],180156
[4449.  440.  430. ...    0.    0.    0.],180332
[17778.   378.    58. ...     0.     0.     0.],180550
[4.125e+03 1.000e+01 4.000e+00 ... 0.000e+00 0.000e+00 0.000e+00],180759
[40334.   197.    49. ...     0.     0.     0.],181050
[85670.  2020.   350. ...     0.     0.     0.],181284
[52176.  1096.   847. ...     0.     0.     0.],181393
[28146.   793.   131. ...     0.     0.     0.],181445
[77098.  1708.   216. ...     0.     0.     0.],181506
[72041.  2177.   331. ...     0.     0.     0.],181700
"[1.00006e+05 1.29000e+02 9.00000e+00 ... 0.00000e+00 0.00000e+00
 0.00000e+00]",181902
[4.4383e+04 8.3000e+01 2.4000e+01 ... 0.0000e+00 0.0000e+00 0.0000e+00],181993
[61299.  1060.    82. ...     0.     0.     0.],182374
[2.4201e+04 3.3900e+02 8.0000e+00 ... 0.0000e+00 0.0000e+00 0.0000e+00],182815
[39792.    44.     0. ...     0.     0.     0.],183116
[91028.   156.   118. ...     0.     0.     0.],183393
"[1.00175e+05 8.20000e+01 2.90000e+01 ... 0.00000e+00 0.00000e+00
 0.00000e+00]",183609
[9.9702e+04 8.6000e+01 5.3000e+01 ... 0.0000e+00 0.0000e+00 0.0000e+00],183807
[4.2645e+04 4.9000e+01 1.6000e+01 ... 0.0000e+00 0.0000e+00 0.0000e+00],183994
[7.9118e+04 1.6000e+01 3.0000e+00 ... 0.0000e+00 0.0000e+00 0.0000e+00],184164
[7.2742e+04 1.5800e+02 5.0000e+00 ... 0.0000e+00 0.0000e+00 0.0000e+00],184316
[3.8372e+04 6.8000e+01 1.7000e+01 ... 0.0000e+00 0.0000e+00 0.0000e+00],184457
[33159.   301.    55. ...     0.     0.     0.],184530
[5.3937e+04 7.5000e+01 3.4000e+01 ... 0.0000e+00 0.0000e+00 0.0000e+00],184761
[4.239e+04 1.860e+02 2.300e+01 ... 0.000e+00 0.000e+00 0.000e+00],185028
[5.4906e+04 8.6000e+01 3.5000e+01 ... 0.0000e+00 0.0000e+00 0.0000e+00],185329
[51840.   431.    75. ...     0.     0.     0.],185619
[4.9103e+04 5.0000e+01 1.5000e+01 ... 0.0000e+00 0.0000e+00 0.0000e+00],185821
[4.2031e+04 2.8700e+02 3.0000e+01 ... 0.0000e+00 0.0000e+00 0.0000e+00],186096
[6.6443e+04 1.6000e+01 3.8000e+01 ... 0.0000e+00 0.0000e+00 0.0000e+00],186270
[72.  0.  0. ...  0.  0.  0.],186495
[23772.   198.   113. ...     0.     0.     0.],186713
[2721.  150.   43. ...    0.    0.    0.],186866
[8225.  131.  110. ...    0.    0.    0.],187009
[6778.  922.  438. ...    0.    0.    0.],187103
[11070.   941.   351. ...     0.     0.     0.],187336
[9632. 1268.  674. ...    0.    0.    0.],187615
[9156. 1221.  276. ...    0.    0.    0.],188001
[13858.  1085.    28. ...     0.     0.     0.],188338
[3.9215e+04 8.1000e+01 2.7000e+01 ... 0.0000e+00 0.0000e+00 0.0000e+00],188742
[2.1619e+04 1.0500e+02 1.5000e+01 ... 0.0000e+00 0.0000e+00 0.0000e+00],189129
[14121.   206.    74. ...     0.     0.     0.],189209
[3.027e+04 1.810e+02 2.300e+01 ... 0.000e+00 0.000e+00 0.000e+00],189327
[17243.   243.    63. ...     0.     0.     0.],189442
[44431.   118.    59. ...     0.     0.     0.],189650
[17587.   287.    84. ...     0.     0.     0.],189994
[29472.   239.    31. ...     0.     0.     0.],190214
[28903.   248.    95. ...     0.     0.     0.],190551
[23256.   143.    27. ...     0.     0.     0.],190881
[23596.   211.    33. ...     0.     0.     0.],190990
[33747.   772.   114. ...     0.     0.     0.],191230
[  0. 124.  12. ...   0.   0.   0.],193233
[278232.   3143.   1495. ...      0.      0.      0.],196985
